,Tweet,Sentimen
0,undang undang tunggu sah,positif
1,pse perhati aman data lengah,netral
2,moga jadi pse waspada bocor data,positif
3,menkominfo johnny plate usaha bocor data masyarakat denda miliar acu undang undang lindung data pribadi uu pdp sah dpr ri,netral
4,menkominfo usaha bocor data masyarakat denda miliar acu undang undang lindung data pribadi uu pdp sah dpr ri selasa rapat paripurna,netral
5,acu undang undang lindung data pribadi uu pdp atur tera pasal kumpul guna guna palsu data pribadi izin individu denda rp miliar,netral
6,pse andil kuat aman nya,netral
7,pse harap tingkat aman siber kuat lindung data,positif
8,pse tingkat aman siber meminimalisir bocor data,positif
9,acu undang undang lindung data pribadi uu pdp usaha korporasi sengaja bocor data pribadi milik masyarakat denda maksimal rp miliar,netral
10,jamin hak warga negara menteri johnny indonesia negara asean milik atur data pribadi menteri ada uu pdp jamin hak warga negara sesuai amanat undang undang dasar negara republik indonesia,netral
11,dewan wakil rakyat perintah tuju rancang undang undang ruu lindung data pribadi pdp ruu pdp dpr presiden sah undang lembar negara,netral
12,uu pdp sah tonggak sejarah maju lindung data indonesia kesah legislasi primer payung hukum lindung data pribadi indonesia undang undang lindung data pribadi alias uu pdp,netral
13,senang undang undang lindung data pribadi pdp sah dpr payung hukum masyarakat lindung data pribadi,positif
14,nunggu hacker bikin keluar undang undang,negatif
15,september ruu pdp sah undang undang uu rapat kesah hadir anggota dewan anggota hadir fisik anggota hadir virtual anggota hadir,netral
16,jalan kominfo rancang undang undang lindung data pribadi ruu pdp inisiasi juang buah hasil,positif
17,dewan wakil rakyat republik indonesia dpr ri kesah rancang undang undang lindung data pribadi pdp uu,netral
18,uu pdp sah hadiah ulang indonesia jalan kominfo rancang undang undang lindung data pribadi ruu pdp inisiasi,positif
19,selasa september undang undang lindung data pribadi sah rapat paripurna,netral
20,rapat paripurna dpr sidang i undang undang lindung data pribadi ruu pdp resmi sah selasa,netral
21,dpr kesah rancang undang undang lindung data pribadi ruu pdp rapat paripurna sidang i sidang selasa,netral
22,perintah dpr laku kesah rancang undang undang lindung data pribadi ruu pdp,netral
23,undang undang lindung data pribadi sah,netral
24,perintah dpr ri tuju rancang undang undang lindung data pribadi ruu pdp legislasi primer payung utama lindung data pribadi indonesia,netral
25,miskin visi misi kelas atur data pribadi bangga kabar pdn gaak progressnya kabar peduli lindung bangga blom daftar pse,negatif
26,dewan wakil rakyat perintah tuju rancang undang undang ruu lindung data pribadi pdp ruu pdp dpr presiden sah undang lembar negara,netral
27,tonggak sejarah menteri dorong partisipasi publik terap uu pdp perintah dpr ri tuju rancang undang undang lindung data pribadi ruu pdp legislasi primer payung utama lindung data pribadi indonesia,netral
28,menteri ada uu pdp jamin hak warga negara sesuai amanat undang undang dasar negara republik indonesia,netral
29,perintah menkominfo johnny g plate kemenkominfo laksana awas selenggara tata kelola data pribadi segenap selenggara sistem elektronik pse,netral
30,pse lengah tingkat aman cegah curi data,positif
31,uu pdp menkominfo johnny g plate atur hak hak milik data pribadi atur sanksi pse tata kelola data pribadi proses sistem,netral
32,menteri johnny ada uu pdp jamin hak warga negara sesuai amanat undang undang dasar negara republik indonesia,positif
33,undang undang lindung data pribadi sah,netral
34,undang undang lindung data pribadi sah,netral
35,pse aman data masyarakat jaga,positif
36,menteri komunikasi informasi johnny g plate sah uu pdp undang undang lindung data pribadi tonggak sejarah sektor digital indonesia,netral
37,menkominfo johnny g plate juang kenal serah gol ruu pdp undang undang pdp sah undang undang kemkominfo nafas lega kado indah kominfo,positif
38,sejarah maju lindung data pribadi indonesia toreh september sah undang undang lindung data pribadi uu pdp rapat paripurna dpr ri,positif
39,kemarin menkominfo johnny g plate hadir rapat paripurna dpr ri kait kesah ruu lindung data pribadi pdp undang undang,netral
40,selasa september ruu pdp sah undang undang uu rapat kesah hadir anggota dewan anggota hadir fisik anggota hadir virtual anggota hadir,netral
41,september ruu pdp sah undang undang uu rapat kesah hadir anggota dewan anggota hadir fisik anggota hadir virtual anggota hadir,netral
42,selasa september dinamika juang buah hasil sah undang undang data pribadi uu pdp bab pasal dpr ri siang,netral
43,perintah menkominfo johnny g plate menteri kominfo laksana awas selenggara tata kelola data pribadi segenap selenggara sistem elektronik pse,netral
44,selasa september undang undang lindung data pribadi sah rapat paripurna dpr ri,netral
45,perintah dpr ri kesah legislasi primer payung hukum lindung data pribadi indonesia undang undang lindung data pribadi alias uu pdp,netral
46,september ruu pdp sah undang undang rapat kesah hadir anggota dewan anggota hadir fisik anggota hadir virtual anggota hadir,netral
47,undang undang lindung data pribadi sah rapat paripurna dpr ri bahas ruu pdp usul perintah kominfo selesai dpr ri,netral
48,kemarin selasa september undang undang lindung data pribadi sah rapat paripurna dpr ri bahas ruu pdp usul perintah kominfo selesai dpr ri,netral
49,rakyat harap bocor data pribadi pse publik perintah legowo bertanggungjwb amp sedia ganti rugi masyarakat menteri bertanggungjawab sedia mundur lalai ngawasin jgn bacot jgn pse privat ketok,negatif
50,menkominfo indonesia negara asean milik atur data pribadi menkominfo johnny ada uu pdp jamin hak warga negara sesuai amanat undang undang dasar negara republik indonesia,netral
51,panitia kerja ruu pdp komisi dpr ri rancang uu pdp tuju sah sidang paripurna panjang bahas turut hasil undang undang substantif komperhensif,netral
52,perintah dpr ri kesah legislasi primer payung hukum lindung data pribadi indonesia undang undang lindung data pribadi alias uu pdp,netral
53,kabar multipel aso jakarta indonesia laku aso sesuai undang undang cipta kerja lambat november tahap aso gagal total,negatif
54,butuh tahap harmonisasi wajar rancang undang undang ruu pdp sempurna uu pdp tumpang tindih atur,positif
55,jalan ruu pdp inisiasi selasa september dinamika juang buah hasil sah undang undang data pribadi uu pdp,positif
56,undang undang lindung data pribadi sah uu pdp payung hukum aman data masyarakat kumpul institusi perintah swasta,positif
57,yuk simak yuk kawan jelas menkominfo manfaat undang undang lindung data pribadi sah dpr,positif
58,menkominfo pse swasta wajib jaga lindung data pribadi masyarakat sesuai uu ite pulang pergi nomor selenggara sistem transaksi elektronik,netral
59,dpr ri kesah rancang undang undang pdp undang undang indonesia menkominfo milik payung hukum lindung data pribadi,netral
60,menkominfo johnny plate indonesia negara asean milik atur data pribadi ada uu pdp jamin hak warga negara sesuai amanat undang undang dasar negara republik indonesia,netral
61,menkominfo johnny ada uu pdp jamin hak warga negara sesuai amanat undang undang dasar negara republik indonesia,netral
62,aneh bin musnah bin ghaib data duduk negeri sdh bangan dunia angin bikin undang undang lindung puluh mana,negatif
63,undang undang lindung data pribadi sah uu pdp kawal johnny plate tim kominfo sah dpr ri undang undang lindung data pribadi sah,netral
64,resmi kesah rancang undang undang ruu lindung data pribadi rapat paripurna gelar selasa september rapat paripurna dpr pimpin wakil ketua dpr ri lodewijk f paulus,netral
65,menkominfo hadir uu pdp picu biasa masyarakat sadar jaga data pribadi kesah ruu pdp undang undang kesah rapat paripurna,netral
66,dewan wakil rakyat kesah rancang undang undang lindung data pribadi ruu pdp rapat paripurna sidang i sidang selasa,netral
67,tok dpr sahkan ruu pdp undang undang terima kasih dpr komisi i bahas ruu pdp uu,netral
68,tok dpr sahkan ruu pdp undang undang ruu pdp landas hukum kuat negara jamin lindung data pribadi warga,netral
69,hasil rapat badan musyawarah bamus rapat pimpin rapim dpr putus bawa ruu pdp rapat paripurna sah undang undang,netral
70,dpr ri kesah rancang undang undang lindung data pribadi pdp undang undang menkominfo johnny g plate indonesia milik payung hukum lindung data pribadi menteri,netral
71,ketua dpr ri puan maharani rancang undang undang lindung data pribadi ruu pdp resmi sah rapat paripurna dpr ri selasa september,netral
72,bociiiillll ahy tahuuu undang undang lindung data pribadi undang zaman presiden menkominfo menkominfo sukses awal ruu pdp undang undang,positif
73,ketua dpr ri rancang undang undang lindung data pribadi ruu pdp resmi sah rapat paripurna dpr ri selasa september,netral
74,hadir uu pdp picu biasa masyarakat sadar jaga data pribadi atur undang undang pdp jadi lindung data pribadi kuat,positif
75,dpr ri sahkan ruu pdp undang undang uu harap selesai masalah bocor data pribadi indonesia,positif
76,menkominfo johnny g plate atur undang undang pdp jadi lindung data pribadi kuat,positif
77,menkominfo johnny g plate pse swasta wajib jaga lindung data pribadi masyarakat sesuai uu ite pulang pergi nomor selenggara sistem transaksi elektronik,netral
78,sob menkominfo johnny g plate hadir undang undang lindung data pribadi pdp sah dpr picu biasa masyarakat,positif
79,alhamdulillah rancang undang undang ruu lindung data pribadi pdp resmi sah undang undang uu rapat paripurna dpr ri sidang i sidang,positif
80,dpr sahkan ruu pdp undang undang,netral
81,ada uu pdp menkominfo johnny g plate jamin hak warga negara sesuai amanat undang undang dasar negara republik indonesia,positif
82,pse swasta wajib jaga lindung data pribadi masyarakat sesuai undang undang informasi transaksi elektronik uu ite atur perintah pulang pergi nomor selenggara sistem transaksi elektronik,positif
83,dpr sahkan ruu pdp undang undang,netral
84,dpr ri kesah rancang undang undang lindung data pribadi pdp undang undang indonesia menkominfo johnny g plate milik payung hukum lindung data pribadi,netral
85,ada uu pdp menkominfo johnny g plate jamin hak warga negara sesuai amanat undang undang dasar negara republik indonesia,positif
86,undang undang tunggu,positif
87,menkominfo ada uu pdp jamin hak warga negara sesuai amanat undang undang dasar negara republik indonesia,positif
88,undang undang tunggu tunggu,positif
89,hadir uu pdp picu biasa masyarakat sadar jaga data pribadi menkominfo hadir undang undang lindung data pribadi pdp sah dpr picu biasa masyarakat,positif
90,atur undang undang pdp jadi lindung data pribadi kuat,positif
91,alhamdulillah ruu lindung data pribadi pdp resmi sah undang undang rapat paripurna dpr ri sidang i sidang,positif
92,ruu pdp sah uu sah ruu pdp undang undang tanda era tata kelola data pribadi ruang digital,positif
93,johnny atur undang undang pdp jadi lindung data pribadi kuat,positif
94,menkominfo johnny g plate hadir undang undang lindung data pribadi pdp sah dpr picu biasa masyarakat,positif
95,dpr sahkan ruu pdp undang undang,netral
96,tok tok tok sahkan ruu pdp undang undang wakil presiden republik indonesia terima kasih besar putus kesah uu pdp,positif
97,rancang undang undang ruu lindung data pribadi pdp resmi sah undang undang uu rapat paripurna dpr ri sidang i sidang,netral
98,atur undang undang pdp jadi lindung data pribadi kuat bias new habit masyarakat iring kembang maju teknologi pesat,positif
99,menteri komunikasi informatika menkominfo johnny g plate hadir undang undang lindung data pribadi pdp sah dpr picu biasa masyarakat,positif
100,hasil rapat badan musyawarah bamus rapat pimpin rapim dpr puan maharani putus bawa ruu pdp rapat paripurna besok sah undang undang,netral
101,ketua dpr puan maharani hasil rapat badan musyawarah bamus rapat pimpin rapim dpr putus bawa ruu pdp rapat paripurna sah undang undang,netral
102,menkominfo johnny g plate pse swasta wajib jaga lindung data pribadi masyarakat sesuai uu ite atur perintah nomor selenggara sistem transaksi elektronik,netral
103,dewan wakil rakyat dpr kesah rancang undang undang lindung data pribadi ruu pdp rapat paripurna sidang i sidang selasa,netral
104,dewan wakil rakyat dpr kesah rancang undang undang lindung data pribadi ruu pdp rapat paripurna sidang i sidang selasa,netral
105,dpr resmi kesah rancang undang undang lindung data pribadi undang undang ruu pdp sah rapat paripurna dpr sidang i sidang selasa,netral
106,hasil rapat badan musyawarah bamus rapat pimpin rapim dpr putus bawa ruu pdp rapat paripurna besok sah undang undang,netral
107,gak undang eketabilitasnyatertinghi undang mbak capai,positif
108,pse lengah perhati komunikasi perintah,positif
109,pse tingkat kapasitas talenta digital aman data data masyarakat aman,positif
110,perintah dpr laku kesah rancang undang undang lindung data pribadi ruu pdp,netral
111,koqr teriak bagi kaos undang pdip,negatif
112,panas stres junjung ga undang semarang,negatif
113,menkominfo payung hukum satgas lawan bjorka bentuk samping bentuk satgas lindung data perintah dpr laku kesah rancang undang undang lindung data pribadi ruu pdp,netral
114,samping bentuk satgas lindung data perintah dpr sambut kesah rancang undang undang lindung data pribadi ruu pdp,netral
115,samping bentuk satgas lindung data perintah dpr kesah rancang undang undang lindung data pribadi ruu pdp,netral
116,buka informasi amanat undang undang,netral
117,komunikasi selenggara sistem elektronik privat perintah masuk pse privat laksana wajib jaga data pribadi masyarakat,positif
118,serang siber serang sistem elektronik milik perintah pse swasta ekstra waspada,netral
119,pse privat ketat aman siber sistem jaga data masyarakat gabung sistem elektronik,netral
120,serang siber pse mana waspada,negatif
121,pse privat tingkat sistem aman,negatif
122,anggap keheboan hacker abal abal bjorka ingat pse solid bekerjasama jaga data bocor,positif
123,pse swasta jaga aman data guna,positif
124,bocor data perintah salah lantar undang undang atur data pribadi sah,positif
125,pse swasta jaga aman data guna,netral
126,ingat pse swasta kuat sistem aman,netral
127,ayo pse privat tingkat aman siber colong,positif
128,pse ketat aman siber data masyarakat simpan dalam aman,positif
129,jaga aman data tanggung pse,positif
130,jadi duga bocor data ingat pse ketat aman sibernya,positif
131,jaga aman data masyarakat moga pse ketat jaga aman data masyarakat,positif
132,pse jaga data,positif
133,pse swasta jaga aman data guna,positif
134,tingkat pse lingkup privat aman data guna jaga sistem manajemen tingkat,positif
135,pse privat swasta jaga aman data pribadi guna koordinasi dg perintah,netral
136,ajak pse lingkup privat jaga aman data bocor data,netral
137,pse lengah,positif
138,bssn pse kait upaya upaya mitigasi cepat kuat sistem aman siber cegah risiko pse,netral
139,aman data perhati pse privat,netral
140,menkominfo selenggara sistem elektronik privat lengah curi data imbau pse tekonologi sistem manajemen tingkat,netral
141,menugasin orang hormat kirain hebat bijak undang lakon ngelawak undang orang bijak kenal jerumus wkwkwk,negatif
142,jaga data pribadi resiko retas tingkat perintah koordinasi pse,positif
143,data milik guna jaga pse privat,negatif
144,maling data intai pse pse lengah,positif
145,tri baik animal planet sejarah indonesia kominfo colong data usil ngurusin pse sih lu,negatif
146,setujuuuuuuu biar kapok dn gak langgar undang undang lindung data pribadi,positif
147,moga jadi pse tingkat aman ruang sibernya bocor data,positif
148,kriminal seh cuman iya peringantan pse jadi,positif
149,data pribadi aman selenggara sistem elektronik pse tingkat sumber daya teknologi lindung data masyarakat,positif
150,menkominfo johnny g plate pse teknologi update tingkat pse tata kelola manajemen antisipasi serang siber sdm teknologi digital kuat pada,netral
151,tuju pse lengah,positif
152,potensi serang siber sasar sistem elektronik perintah sistem elektronik pse lingkup privat menkominfo pse lingkup privat jaga aman data konsumen,netral
153,selenggara sistem elektronik pse lingkup privat jaga aman data konsumen potensi serang siber sasar sistem elektronik pse lingkup privat,netral
154,pse peran jaga data,positif
155,tuju pse swasta perhati,positif
156,pse privat teliti dalm jaga data,netral
157,keman data guna tanggung pse,positif
158,ngakak ulah hacker menkominfo desak mundur bawa indonesia era digital terap pse selenggara elektronik ranah digital indonesia,positif
159,menkominfo pse swasta jaga aman data guna dorong pse swasta kuat sumber daya manusia sdm terampil sektor teknologi digitalisasi enkripsi kuat bobol,positif
160,menkominfo pse swasta jaga aman data guna serang siber serang sistem elektronik milik perintah pse swasta ekstra waspada,netral
161,menkominfo selenggara sistem elektronik pse privat swasta jaga aman data guna pse koordinasi perintah kuat lindung data,netral
162,menkominfo selenggara sistem elektronik pse privat ketat aman siber sistem jaga data masyarakat gabung sistem elektronik,positif
163,menkominfo bawa indonesia era digital kominfo terap pse selenggara elektronik ranah digital indonesia,positif
164,pesan menkominfo pse lingkup private pasti tata kelola sistem manajemen baik libat tenaga ahli sdm tekhnologi digital eskripsi kuat,netral
165,menkominfo selenggara sistem elektronik pse lengah retas data pribadi aman data pribadi guna streaming jam kanal youtube metrotvnews,netral
166,serang siber landa sistem elektronik privat menteri johnny plate saran pse swasta kuat lindung data maka kemkominfo,netral
167,menkominfo pse privat aman data sistem wajib,positif
168,menkominfo pse swasta jaga aman data guna,netral
169,menkominfo pse privat swasta jaga aman data guna pse privat koordinasi perintah kuat lindung data,positif
170,menkominfo pse privat swasta jaga aman data guna,positif
171,menkominfo pse privat ketat aman siber amp jaga data masyarakat gabung sistem elektronik,positif
172,pse lingkup privat incar serang siber menkominfo ingat lengah menkominfo pse lingkup privat lengah hati hati serang siber,negatif
173,menkominfo pse swasta jaga aman data guna menkominfo pse privat swasta jaga aman data guna pse koordinasi perintah kuat lindung data,positif
174,selenggara sistem elektronik pse privat swasta jaga aman data guna pse koordinasi perintah kuat lindung data,positif
175,serang siber serang sistem elektronik milik perintah menkominfo johnny g plate pse swasta ekstra waspada,positif
176,johnny serang siber serang sistem elektronik milik perintah pse swasta ekstra waspada,positif
177,pse privat aman data sistem wajib johnny gedung kemenko polhukam,positif
178,menkominfo johnny gerard plate selenggara sistem elektronik privat swasta jaga aman data guna pse koordinasi perintah kuat lindung data,netral
179,dg jadi harap maksimal jaga data pse,negatif
180,kominfo pse swasta jaga aman data guna terima kasih kominfo,netral
181,menkominfo johnny g plate pse pasti teknologi nya ter update tata kelola manajemen dperbaiki libat tenaga ahli,netral
182,menkominfo johnny g plate selenggara sistem elektronik pse privat swasta jaga aman data guna pse koordinasi perintah kuat lindung data,netral
183,pasti teknologi pse swasta update tingkat tata kelola manajemen baik libat tenaga ahli,netral
184,alas bulan undang undang undang lindung data pribadi pdp sah dpr tingkat tingkat paripurna bahas substansi,netral
185,samping perintah pse swasta jaga aman data costumer nya,positif
186,menkominfo dorong pse swasta kuat sumber daya manusia sdm terampil sektor teknologi digitalisasi enkripsi kuat bobol,netral
187,pasti teknologi pse swasta update tingkat tata kelola manajemen baik libat tenaga ahli,netral
188,menkominfo serang siber serang sistem elektronik milik perintah pse swasta ekstra waspada,netral
189,pse emg ketat aman siber,positif
190,menkominfo selenggara sistem elektronik pse privat ketat aman siber sistem hacker serang system pse ranah privat,netral
191,menkominfo selenggara sistem elektronik pse privat ketat aman siber sistem jaga data masyarakat gabung sistem elektronik,netral
192,perintah pse waspada,positif
193,menteri komunikasi informatika johnny g plate selenggara sistem elektronik pse privat ketat aman siber sistem jaga data masyarakat gabung sistem elektronik,netral
194,selenggara sistem elektronik pse privat menkominfo ketat aman siber sistem jaga data masyarakat gabung sistem elektronik,positif
195,erti undang undang langgar undang undang salah,positif
196,poin masyarakat ajak bangun dlm hadap bahaya ruang digital ae kelen masyarakat an juta korban data pribadi pse publik mlh bocor bolak menteri aman bae ga mundur ga malu awas pdp dibwh presiden,negatif
197,moga tuju undang undang lindung data pribadi,positif
198,moga tuju undang undang,positif
199,undang undang pdp tingkat sadar masyarakat lindung data pribadi,positif
200,bssn telusur kait duga bocor data selenggara sistem elektronik pse menteri lembaga,netral
201,bssn pse kait upaya upaya mitigasi cepat kuat sistem aman siber cegah risiko pse,netral
202,bssn pse kait amp sdg upaya mitigasi,positif
203,rencana september rancang undang undang lindung data pribadi pakat dpr ri perintah,netral
204,rencana september rancang undang undang lindung data pribadi pakat dpr ri perintah,netral
205,abai ketidakpedulian pse kelola situs kelola sistem aman muncul bjorka aktivitas retas anggap blessing in disguise,negatif
206,harap ruu pdp sah undang undang pdp butuh ruang digital nasional jaga aman,positif
207,menkominfo kesah ruu pdp tunggu jadwal rapat paripurna mudah mudah sah ruu pdp undang undang pdp payung hukum jaga ruang digital,positif
208,rancang undang undang lindung data pribadi pdp pasuk tingkat bahas sah rapat paripurna dewan wakil rakyat republik indonesia dpr ri,netral
209,hukum undang undang lindung data pribadi,positif
210,tinggal tunggu kesah ruu pdp undang undang pdp ruang digital nasional jaga aman,positif
211,dirjen ikp buka informasi amanat undang undang jamin undang uu kip ikatakannya jalan mudah,positif
212,juru bicara bssn bssn koordinasi pse duga alami insiden data bocor dg pse lingkung menteri sekretariat negara,netral
213,rancang undang undang lindung data pribadi ruu pdp payung hukum jaga ruang digital indonesia moga juang menkominfo dukung dewan,positif
214,informasi usman kansong amanat undang undang jamin undang uu kip ikatakannya jalan mudah,positif
215,siber tupoksi bssn kominfo bssn koordinasi pse polri kominfo masyarakat guna paham bijak tuanku sekjen kornas hadeeeehh,positif
216,turut buka informasi amanat undang undang jamin undang uu kip ikatakannya jalan mudah,positif
217,buka informasi amanat undang undang jamin undang uu kip ikatakannya jalan mudah,positif
218,menteri harap rancang undang undang lindung data pribadi ruu pdp payung hukum jaga ruang digital indonesia,positif
219,menteri johnny harap rancang undang undang lindung data pribadi ruu pdp payung hukum jaga ruang digital indonesia,positif
220,menteri johnny harap rancang undang undang lindung data pribadi ruu pdp payung hukum jaga ruang digital indonesia,positif
221,rancang undang undang lindung data pribadi pdp pasuk tingkat bahas sah rapat paripurna dewan wakil rakyat republik indonesia dpr ri,netral
222,rancang undang undang lindung data pribadi pdp pasuk tingkat bahas sah rapat paripurna dewan wakil rakyat republik indonesia dpr ri,netral
223,rancang undang undang lindung data pribadi pdp pasuk tingkat bahas sah rapat paripurna dewan wakil rakyat republik indonesia dpr ri,netral
224,menkominfo johnny g plate mudah mudah sah ruu pdp undang undang pdp payung hukum jaga ruang digital,positif
225,koordinasi pse,positif
226,mudah mudah sah ruu pdp undang undang pdp payung hukum jaga ruang digital,positif
227,bssn telusur kait duga bocor data selenggara sistem elektronik pse menteri lembaga,netral
228,mantap bssn koordinasi pse kait,positif
229,resign idiot rumah telpon masbup bentuk cyber army keri undang cia mossad didik intel,negatif
230,menteri situasi serang siber fungsi awas selenggara sistem elektronik pse,netral
231,rombak anggota menteri komunikasi informatika kompeten bidang isu data bocor situs judi daftar pse blokir situs situs regulasi pse dll tag,negatif
232,mudah mudah sah ruu pdp undang undang pdp menkominfo johnny g plate payung hukum jaga ruang digital,positif
233,bssn koordinasi pse duga alami insiden data bocor pse lingkung menteri sekretariat negara,netral
234,bssn koordinasi pse duga alami insiden data bocor pse lingkung menteri sekretariat negara,netral
235,bssn telusur kait duga bocor data pse menteri lembaga,netral
236,bssn koordinasi pse duga alami insiden data bocor pse lingkung menteri sekretariat negara,netral
237,perintah pusat sedia dukung regulasi primer undang undang no cipta kerja struktur industri amp pasar kuat menkominfo johnny g plate harap nilai ekonomi digital,positif
238,bssn pse kait upaya upaya mitigasi cepat kuat sistem aman siber cegah risiko pse,netral
239,bssn koordinasi pse duga alami insiden data bocor pse lingkung menteri sekretariat negara,netral
240,koordinasi pse duga alami insiden bocor data pse lingkung menteri sekretariat negara,netral
241,juru bicara bssn ariandi putra bssn koordinasi pse duga alami insiden bocor data pse lingkung menteri sekretariat negara direktorat tindak pidana siber bareskrim polri,netral
242,telusur kait duga bocor data selenggara sistem elektronik pse menteri lembaga,netral
243,kuat sistem aman siber cegah risiko bssn pse kait upaya upaya mitigasi cepat,positif
244,bssn pse kait upaya upaya mitigasi cepat kuat sistem aman siber cegah risiko pse,positif
245,bssn koordinasi pse duga alami insiden bocor data pse lingkung menteri sekretariat negara,netral
246,konsolidasi industri telekomunikasi bentuk imbang eksositem digital nasional perintah sedia dukung regulasi primer undang undang no cipta kerja,positif
247,bssn koordinasi setneg siber polri dalam duga bocor data koordinasi pse duga alami insiden bocor data pse lingkung,netral
248,menteri situasi serang siber fungsi awas selenggara sistem elektronik pse,netral
249,dikit salah menkominfo akun blokir bully menkominfo in menteri tukang blokir suruh daftar pse buzzer serentak hujat data bocor salah bocor data domain bssn kominfo,positif
250,komisi i dpr ri tuju rancang undang undang lindung data pribadi ruu pdp aju perintah bahas tingkat i,netral
251,mekenye bikin atur wajib ga jalanin pse privat uber ga daftar blokir skr data pribadi duduk negara udh jebol ngarep lembaga awas pdp dibwh perintah bolak bocor ga kapok,negatif
252,erti undang undang langgar undang undang salah,positif
253,buat menyebarluaskan data pribadi sengaja izin langgar undang undang pasal ayat undang undang ite atur larang pindah data pribadi orang hak izin mohon maaf,negatif
254,bssn telusur duga insiden bocor data validasi thdp data publikasi bssn tlh koordinasi dg pse duga alami insiden bocor data,netral
255,undang um backingin wkwkwkwkwk,netral
256,undang undang lindung data pribadi uu pdp atur wajib sanksi tindak tindak lawan hukum data pribadi,netral
257,masyarakat sadar kondisi aman data pribadi bocor perintah salah lantar undang undang atur data pribadi sah,positif
258,bicara compliance pse komentar irrelevant risiko bocor alami orang akibat perintah inkompeten becus lindung privasi warga negara aman digital perintah,negatif
259,kominfo sdh cuci tgn bocor kominfo pse operator celular tanggungjwb data guna kominfo sbg regulator g malu g pdn data guna titip tiap pse operator cuci tangan,negatif
260,daftar pse indonesia salah upaya jaga daulat digital bangsa dukung,positif
261,menteri kominfo komisi i dpr ri pakat rancang undang undang lindung data pribadi ruu pdp sah bahas lanjut sidang paripurna dpr ri,netral
262,menkominfo apresiasi libat bentuk ruu lindung data pribadi ruu pdp sah undang undang paripurna dpr,positif
263,ruu pdp sah paripurna menkominfo apresiasi rapat kerja komisi i dpr jakarta rabu undang undang pdp tingkat sadar masyarakat lindung data pribadi,positif
264,komisi i dpr selesai bahas rancang undang undang lindung data pribadi ruu pdp tunggu kominfo undang rujuk atur bawah,netral
265,kominfo harap rancang undang undang ruu lindung data pribadi pdp menteri komunikasi informatika johnny g plate ruu pdp lewat tingkat i rapat komisi i dpr ri,netral
266,menteri komunikasi informatika harap rancang undang undang ruu lindung data pribadi pdp,netral
267,komisi i dpr ri menteri komunikasi informatika tuju bawa rancang undang undang lindung data pribadi bahas tingkat rapat paripurna sah undang undang,netral
268,komisi i dpr ri sepakat rancang undang undang lindung data pribadi ruu pdp sah bahas lanjut sidang paripur,netral
269,marak bocor data menkominfo johnny plate harap ruu pdp sah menteri komunikasi informatika harap rancang undang undang ruu lindung data pribadi pdp,positif
270,hina kominfo tugas kominfo cuman buzzer perintah fix bahas bocor data gelar ekonomi manajemen mimpin tik anggar gede project pse mudah heck,negatif
271,syukur alhamdulillah ruu pdp sahkan undang undang,positif
272,pse bertanggungjawab data bocor,negatif
273,mantap ruu pdp sahkan undang undang,positif
274,menteri kominfo johnny g plate apresiasi libat bentuk ruu lindung data pribadi ruu pdp sah undang undang paripurna dpr,positif
275,menkominfo johnny g plate erti undang undang langgar undang undang salah serang siber tugas kominfo bssn,positif
276,menkominfo johnny g plate erti undang undang langgar undang undang salah tangap pesan hacker akun bjorka,positif
277,kominfo komisi i dpr ri tuju rancang undang undang lindung data pribadi ruu pdp aju perintah bahas tingkat i,netral
278,ruu pdp sah paripurna menkominfo apresiasi ruu pdp sah undang undang paripurna dpr,netral
279,menkominfo rapat kerja komisi i dpr jakarta rabu undang undang pdp tingkat sadar masyarakat lindung data pribadi,netral
280,menkominfo johnny g plate apresiasi libat bentuk ruu lindung data pribadi ruu pdp sah undang undang paripurna dpr,positif
281,komisi i dpr ri tuju rancang undang undang lindung data pribadi ruu pdp aju perintah bahas tingkat i,netral
282,ruu pdp sah paripurna menkominfo apresiasi menkominfo apresiasi libat bentuk ruu lindung data pribadi ruu pdp sah undang undang paripurna dpr,positif
283,komisi i dpr ri tuju rancang undang undang lindung data pribadi ruu pdp aju perintah bahas tingkat i,netral
284,menkominfo rapat kerja komisi i dpr jakarta rabu undang undang pdp tingkat sadar masyarakat lindung data pribadi,netral
285,menteri komunikasi informatika menkominfo johnny g plate apresiasi libat bentuk ruu lindung data pribadi ruu pdp sah undang undang paripurna dpr,positif
286,komisi i dpr tuju ruu pdp menkominfo toreh sejarah bidang digital komisi i dpr ri tuju rancang undang undang lindung data pribadi ruu pdp,positif
287,kemenkominfo komisi i dpr ri tuju keluar putus rancang undang undang lindung data pribadi ruu pdp sah bahas lanjut sidang paripurna,netral
288,duga bocor data indonesia kali gilir data registrasi kartu sim duga alami bocor kesah ruu pdp rancang undang undang lindung data pribadi kian,negatif
289,tugas kominfo audit sanksi pse temu langgar,positif
290,menkominfo harap rancang undang undang lindung data pribadi sah tambah model sanksi,netral
291,menkominfo johnny g plate tugas kominfo selenggara sistem elektronik pse gojek google amazon patuh bijak indonesia kait kelola data,netral
292,kominfo menkominfo tugas kait selenggara sistem elektronik pse patuh sanksi audit dasar atur,positif
293,bocor data kesah ruu pdp rancang undang undang lindung data pribadi kian rampung sah,positif
294,menkominfo johnny g plate harap bahas rencana undang undang lindung data pribadi target rampung cepat,netral
295,kesah ruu pdp rancang undang undang lindung data pribadi kian,netral
296,pse langkah tega daulat digital indonesia,positif
297,pse bertanggungjawab data bocor,netral
298,gin min barangkali butuh saran dr millenial upaya bobol data benah kuat security system bikin undang undang sanksi usaha bocor data,netral
299,badan siber sandi negara bssn menteri pimpin damping selenggara sistem elektronik pse,netral
300,aman data langgan tanggung pse,netral
301,bocor data dr kominfo contoh bijak pse jadi pse bertanggungjawab data bocor,positif
302,bocor data pribadi pse serius,positif
303,potensi bocor data menkominfo pse perhati jhonny pse teknologi enkripsi teknologi aman digital security tingkat,netral
304,daftar pse bocor data kait erat wajib lindung pse,netral
305,epic games resmi daftar pse indonesia,positif
306,lbh patut aju permenkominfo no mahkamah agung ma bela masyarakat daftar pse tulis undang undang,negatif
307,menkominfo pse terap cegah bocor data,netral
308,pse bertanggungjawab data bocor,netral
309,bocor data melulu urus contoh bijak pse jadi pse bertanggungjawab data bocor,netral
310,jaga aman data pribadi langgan tanggung penuh pse,netral
311,pse jaga aman data langgan,netral
312,heboh bocor data sim card contoh cerita bocor data melulu urus kominfo pse bertanggungjawab data bocor,negatif
313,gin enak daftar pse guna ayem,positif
314,menkominfo santuy tanggap gugat lbh salah pse taat daftar,positif
315,menkominfo gamblang daftar pse amanat undang undang protes masyarakat tampung san uji,positif
316,contoh bijak pse jadi pse bertanggungjawab data bocor sisi awam sadar jaga data pribadi,positif
317,menkominfo johnny plate bocor data pribadi detik sadar perhati pse selenggara sistem elektronik,netral
318,menteri komunikasi informatika menkominfo johnny plate bocor data pribadi detik sadar perhati pse,netral
319,amanat undang undang bersih ilegal ruang digital judi online salah satu,netral
320,menkominfo johnny plate bocor data pribadi detik sadar perhati pse,netral
321,data sim card bocor kominfo bocor data melulu urus contoh bijak pse jadi pse bertanggungjawab data bocor,positif
322,tentu atur pasal a undang undang nomor siar undang undang nomor cipta kerja,netral
323,paypal steam daftar pse indonesia,negatif
324,amanat undang undang bersih ilegal ruang digital,positif
325,bocor data masyarakat salah kaprah dlm paham nya kait pse data bocor,positif
326,situs hacker bocor data pln daftar pse blokir,positif
327,paham erti duduk masalah nya salah kaprah kait pse kominfo data bocor,positif
328,salah kaprah wajib jaga aman data guna iya pse,positif
329,pse tanggung aman data langgan,positif
330,wajib pse lindung aman data guna,positif
331,aman data pribadi guna mutlak tanggung pse,positif
332,daftar hak hak pse wajib tunduk hukum laku wilayah daulat nkri,positif
333,hak masyarakat protes uji daftar pse sejati lindung masyarakat,positif
334,bijak tanggap protes netizen caci atur daftar pse mudah jangka,positif
335,kominfo undang usaha teknologi dlm acara itf tsb anataranya traveloka item goto gatebox metaverse kartu prakerja bukalapak halodoc telekomunikasi indonesia gudangada aws telkomsel pedulilindungi,netral
336,lindung data tanggung pse,netral
337,daftar pse bocor data kait,netral
338,jaga data konsumen tanggung pse,netral
339,bocor data pse hubung ya,netral
340,daftar pse bocor data kait,netral
341,daftar pse bobol data langgan pln blokir situs,netral
342,menkominfo lanjut proses verifikasi situs status daftar sistem selenggara sistem elektronik pse kominfo,netral
343,kuhp sah undang undang nomor atur hukum pidana resmi adopsi hukum indonesia,netral
344,pse kuat aman situs mudah retas hacker,netral
345,wajib jaga aman data iya pse,netral
346,bocor data ulang kali alami pse retas website ekstensi bukti rapuh sistem aman,negatif
347,tegak daulat digital indonesia pse,positif
348,bangun pusat data centre dukung atur daftar pse,netral
349,badan siber sandi negara bssn menteri pimpin damping selenggara sistem elektronik pse,netral
350,undang undang dasar ubah kali amandemen ubah sekian model bentuk,netral
351,bocor data pse,negatif
352,pse wajib pasal pulang pergi no perintah jatuh sanksi tegur keluar daftar blokir,netral
353,wajib lindung pse,positif
354,bukti nyata perintah indonesia lindung data pribadi masyarakat daftar pse perintah kelola atur platform global lokal,positif
355,daftar hak hak pse wajib tunduk hukum laku wilayah daulat nkri,positif
356,pesan selenggara sistem elektronik pse waspada bocor data,positif
357,menkominfo pse terap cegah bocor data,netral
358,bahas bocor data ingat pse teknologi enkripsi teknologi aman digital security tingkat pasti sdm situ sdm nya tingkat kualitas ikut kembang teknologi,netral
359,menkominfo bocor data pesan selenggara sistem elektronik pse waspada bocor data jahat digital menit detik,netral
360,masyarakat daftar pse bocor data kait,netral
361,pasal urus aman otoritas pse,netral
362,daftar pse sesuai permen kominfo wajib selenggara sistem elektronik lindung data pribadi,netral
363,menkominfo bocor data beliau pesan selenggara sistem elektronik pse waspada,netral
364,bocor data lalai pse salah,negatif
365,netizen salah kaprah jadi kambing hitam teledor pse jaga data guna,positif
366,netizen salah kaprah jadi kambing hitam teledor pse jaga data guna,positif
367,netizen salah kaprah jadi kambing hitam teledor pse jaga data guna,positif
368,netizen salah kaprah jadi kambing hitam teledor pse menjada data guna,positif
369,menkominfo bocor data beliau pesan selenggara sistem elektronik pse waspada,netral
370,sistem aman data tingkat pse,negatif
371,menkominfo pse perhati hindar potensi bocor data,netral
372,menkominfo pse perhati hindar potensi bocor data,netral
373,potensi bocor data menkominfo pse perhati cegah bocor data,netral
374,pesan pse waspada,netral
375,pesan menteri johnny pse teknologi enkripsi security digital security tingkat mampu,netral
376,menkominfo ajak kolaborasi jadi rancang kitab undang undang hukum pidana rkuhp kuhp karya monumental,positif
377,potensi bocor data pse perhati teknologi enkripsi teknologi aman digital security tingkat,netral
378,kapolri instruksi berantas judi online kominfo take down blokir situs judi online tunggu instruksi amanat undang undang,positif
379,amanat undang undang bersih ilegal ruang digital salah ilegal judi online,netral
380,perintah provinsi dki jakarta dukung laksana amanah undang undang harap program nasional analog switch off aso laksana sesuai target,positif
381,perintah provinsi dki jakarta dukung laksana amanah undang undang harap program nasional analog switch off aso laksana sesuai target,positif
382,menteri johnny pse teknologi enkripsi security digital security tingkat mampu,netral
383,menkominfo kapolri instruksi berantas judi online kominfo take down blokir situs judi online tunggu instruksi amanat undang undang,netral
384,kapolri instruksi berantas judi online kominfo take down blokir situs judi online tunggu instruksi amanat undang undang,netral
385,bahas bocor data menkominfo ingat menteri komunikasi informatika menkominfo bocor data pesan selenggara sistem elektronik pse waspada,netral
386,potensi bocor data pse perhati jhonny pse teknologi enkripsi teknologi aman digital security tingkat,netral
387,menteri komunikasi informatika menkominfo johnny g plate bocor data pesan selenggara sistem elektronik pse waspada,netral
388,daftar pse lingkup privat amanat atur menteri komunikasi informatika nomor selenggara sistem elektronik lingkup privat,netral
389,konteks nyata situs daftar pse kominfo situs blokir,netral
390,tampung aspirasi fasilitas diskusi publik rkuhp menteri komunikasi informatika ambil aktif sosialisasi rancang kitab undang undang hukum pidana rkuhp,netral
391,kemenkominfo ajak masyarakat libat diskusi rkuhp aspirasi amp gagas warga harga susun undang undang,positif
392,kemenkominfo ambil aktif sosialisasi rancang kitab undang undang hukum pidana rkuhp menkominfo fasilitas laksana diskusi publik,positif
393,johnny g plate ajak kolaborasi jadi rancang kitab undang undang hukum pidana rkuhp kuhp karya monumental,positif
394,pse ga ngejamin,negatif
395,gausah sok an pse deh kyknya,negatif
396,pse daftar operasi wilayah daulat nkri catat daftar hak hak pse wajib tunduk hukum laku wilayah daulat nkri,positif
397,situs daftar pse situs blokir nyata menkominfo,netral
398,menteri kominfo buka ruang diskusi publik luas luas tampung aspirasi kait isu isu kandung rancang kitab undang undang hukum pidana,positif
399,badan siber sandi negara bssn damping selenggara sistem elektronik pse,positif
400,daftar pse bocor data kait netizen nyinyir salah kaprah,positif
401,jadi rancang kitab undang undang hukum pidana kuhp karya monumental,positif
402,buru cari jual forum ga pse tutup forum biar ga cium bau busuk,negatif
403,salah kaprah kait pse kominfo data bocor,netral
404,menkominfo johnny g plate ajak kolaborasi jadi rancang kitab undang undang hukum pidana rkuhp kuhp karya monumental,netral
405,menteri ambil aktif sosialisasi rancang kitab undang undang hukum pidana rkuhp menkominfo fasilitas laksana diskusi publik tampung aspirasi buka partisipasi masyarakat,positif
406,menteri ajak kolaborasi jadi rancang kitab undang undang hukum pidana rkuhp kuhp karya monumental turut libat masyarakat sesuai arah presiden september,positif
407,menteri ambil aktif sosialisasi rancang kitab undang undang hukum pidana rkuhp menkominfo fasilitas laksana diskusi publik tampung aspirasi buka partisipasi masyarakat,positif
408,menkominfo ajak kolaborasi jadi rancang kitab undang undang hukum pidana rkuhp kuhp karya monumental,positif
409,kolaborasi jadi rancang kitab undang undang hukum pidana rkuhp kuhp,positif
410,simak iya bestie biar paham daftar pse mesti tingkat sistem aman biar data bocor wajib daftar pse,positif
411,ajak kolaborasi jadi rancang kitab undang undang hukum pidana rkuhp kuhp karya monumental,positif
412,menkominfo ajak kolaborasi jadi rancang kitab undang undang hukum pidana rkuhp kuhp karya monumental,positif
413,ajak kolaborasi jadi rancang kitab undang undang hukum pidana rkuhp kuhp karya monumental,positif
414,fasilitas diskusi publik rkuhp menkominfo johnny plate tampung aspirasi kominfo ambil aktif sosialisasi rancang kitab undang undang hukum pidana rkuhp,positif
415,ajak kolaborasi jadi rancang kitab undang undang hukum pidana rkuhp kuhp karya monumental,positif
416,kominfo ambil aktif sosialisasi rancang undang undang hukum pidana rkuhp menkominfo johnny g plate mudah laksana diskusi publik tampung aspirasi buka partisipasi masyarakat,positif
417,menkominfo johnny g plate kuhp sah undang undang nomor atur hukum pidana resmi adopsi hukum indonesia,netral
418,menkominfo johnny g plate ajak kolaborasi jadi rancang kitab undang undang hukum pidana rkuhp kuhp karya monumental,positif
419,menkominfo johnny g plate ajak kolaborasi jadi rancang kitab undang undang hukum pidana rkuhp kuhp karya monumental,positif
420,menkominfo johnny g plate ajak kolaborasi jadi rancang kitab undang undang hukum pidana rkuhp kuhp karya monumental,positif
421,menteri komunikasi informatika johnny g plate ajak kolaborasi jadi rancang kitab undang undang hukum pidana rkuhp kuhp karya monumental,positif
422,ambil aktif sosialisasi rancang kitab undang undang hukum pidana rkuhp menkominfo johnny g plate fasilitas laksana diskusi publik tampung aspirasi buka partisipasi masyarakat,positif
423,catat rkuhp usaha usaha hasil putus rapat batas kabinet undang undang hasil libat komponen masyarakat,positif
424,menteri komunikasi informatika menkominfo johnny g plate ajak kolaborasi jadi rancang kitab undang undang hukum pidana rkuhp kuhp karya monumental,positif
425,menteri komunikasi informatika ambil aktif sosialisasi rancang kitab undang undang hukum pidana rkuhp,positif
426,undang undang dasar ubah kali amandemen ubah model bentuk legislasi hal ubah butuh relevan,negatif
427,catat rkuhp usaha usaha hasil putus rapat batas kabinet undang undang hasil libat komponen masyarakat,positif
428,menkominfo johnny g plate ajak kolaborasi jadi rancang kitab undang undang hukum pidana rkuhp kuhp karya monumental,positif
429,kemenkominfo ambil aktif sosialisasi rancang undang undang hukum pidana rkuhp menkominfo johnny g plate mudah laksana diskusi publik tampung aspirasi buka partisipasi masyarakat,positif
430,menkominfo johnny g plate kuhp sah undang undang nomor atur hukum pidana resmi adopsi hukum indonesia,netral
431,menkominfo johnny plate jadi khup karya monumental menkominfo johnny g plate ajak kolaborasi jadi rancang kitab undang undang hukum pidana rkuhp kuhp karya monumental,positif
432,menkominfo johnny g plate ajak kolaborasi jadi rancang kitab undang undang hukum pidana rkuhp kuhp karya monumental,positif
433,kominfo wajib pse lingkup privat daftar salah kaprah tangkap tuju daftar lindung data pribadi guna,netral
434,beda daftar pse dg bocor data beda,netral
435,salah kaprah kait pse kominfo data bocor sejati daftar pse bocor data kait erat wajib lindung pse,netral
436,salah kaprah kait pse data bocor selenggara sistem elektronik pse aman lindung data pribadi konsumen guna kominfo regulator,positif
437,salah kaprah kait pse kominfo data bocor wajib pse lingkup privat daftar salah kaprah tangkap tuju daftar lindung data pribadi guna,positif
438,salah paham daftar pse kait nya dg lindung data pribadi,netral
439,netizen paham maksud tuju pse salah faham terus,positif
440,daftar pse mesti tingkat sistem aman biar data ga bocor,netral
441,pse lindung data guna,negatif
442,wajib lindung pse,netral
443,salah kaprah tangkap tuju daftar pse lindung data pribadi guna,netral
444,salah kaprah kait pse kominfo data bocor daftar pse kominfo bocor data hubung kait,netral
445,wajib pse lingkup privat daftar salah kaprah tangkap tuju daftar lindung data pribadi guna,positif
446,salah kaprah kait pse kominfo data bocor,netral
447,kait pse bocor data masyarakat paham,netral
448,paham salah kaprah tangkap tuju daftar pse lindung data pribadi guna,positif
449,kait daftar pse dg bocor data kait sayang masyarakat awam sulit paham kait baca yuk biar,positif
450,daftar pse kominfo bocor data hubung kait singkat sayang kait salah paham,netral
451,klaim pse aman data masyarakat omong kosong bocor usaha bobol baik kerja sibuk bantah,negatif
452,bocor data pln indihome urgensi undang rancang undang undang lindung data pribadi ruu pdp uu tangan dpr ri,negatif
453,konteks nyata menkominfo johnny g plate situs daftar pse kominfo situs blokir,positif
454,salah kaprah kait pse kominfo data bocor,netral
455,daftar pse kominfo bocor data hubung kait singkat sayang kait salah paham,netral
456,salah kaprah kait pse kominfo data bocor,netral
457,salah kaprah kait pse kominfo data bocor,netral
458,kominfo wajib pse lingkup privat daftar salah kaprah tangkap tuju daftar lindung data pribadi guna,positif
459,pse program kominfo wajib selenggara jasa digital daftar tuju lindung data pribadi guna mudah data pajak,positif
460,konteks nyata menkominfo johnny g plate situs daftar pse kominfo situs blokir,netral
461,konteks nyata menkominfo johnny g plate situs daftar pse kominfo situs blokir,positif
462,kominfo menteri johnny g plate sasar maki netizen juli kominfo dibuli lantar bijak daftar selenggara sistem elektronik pse lingkup privat,negatif
463,daftar pse operasi wilayah daulat negara satu republik indonesia daftar hak hak pse wajib tunduk hukum laku wilayah daulat nkri,netral
464,pse program kominfo wajib selenggara jasa digital daftar tuju lindung data pribadi guna mudah data pajak,positif
465,daftar pse kominfo bocor data hubung kait singkat sayang kait salah paham,netral
466,daftar pse mesti tingkat sistem aman lindung data pribadi guna,netral
467,sejati daftar pse bocor data kait erat wajib lindung pse,positif
468,daftar pse operasi wilayah daulat negara satu republik indonesia daftar hak hak pse wajib tunduk hukum laku wilayah daulat nkri,positif
469,salah kaprah netizen daftar pse kominfo data bocor daftar pse mohon lindung kominfo ancam retas data pasal urus aman otoritas pse,positif
470,salah kaprah netizen daftar pse data bocor tanya pse tunai wajib daftar pse kominfo,netral
471,salah kaprah netizen daftar pse data bocor daftar pse bocor data kait,positif
472,daftar pse bocor data kait,netral
473,salah kaprah netizen daftar pse kominfo data bocor,netral
474,beda pse bocor data,positif
475,menkominfo proses verifikasi situs status daftar sistem selenggara sistem elektronik pse kominfo,netral
476,situs hacker bocor data pln daftar pse kominfo blokir,netral
477,situs hacker bocor data pln daftar pse kominfo blokir proses verifikasi situs status daftar sistem selenggara sistem elektronik pse kominfo,netral
478,data bocor kominfo madam bakar ulang kali selenggara sistem elektronik pse kelola website lembaga negara kokoh sistem tahan,positif
479,salah kaprah kait pse kominfo data bocor wajib pse lingkup privat daftar salah kaprah tangkap tuju daftar lindung data pribadi guna,positif
480,om joni joni yes papa beres deh undang closethedoor,negatif
481,badan siber sandi negara bssn damping selenggara sistem elektronik pse,positif
482,proses verifikasi situs situs status daftar sistem pse kominfo,netral
483,ulang kali pse kelola website lembaga negara kokoh sistem tahan,netral
484,daftar pse dg bocor data beda,netral
485,daftar pse lingkup privat tuang permen kominfo no akomodasi ancam bocor data pribadi,netral
486,daftar pse lingkup privat tuang permen kominfo no akomodasi ancam bocor data pribadi,positif
487,beda daftar pse lindung data pribadi,netral
488,kait lindung data pribadi pse wajib lindung data pribadi sesuai tentu atur undang undang,netral
489,salah mrk kominfo heran deh wajib jaga data pribadi pse,positif
490,masyarakat paham daftar pse bocor data kait,netral
491,gak paham daftar pse,negatif
492,urus aman otoritas pse,netral
493,salah kaprah pse wajib baca nich,netral
494,bukti tindak tindak situs situs daftar pse kominfo,positif
495,daftar pse kominfo mohon lindung kominfo ancam retas data pasal urus aman otoritas pse,positif
496,sinergi mutlak butuh program aso sesuai jadwal langgar undang undang laku,netral
497,daftar pse tuju selenggara sistem elektronik tunduk amp patuh atur laku indonesia mungut pajak,positif
498,salah kaprah netizen daftar pse kominfo data bocor contoh paypal hasil retas amp data guna bocor pertanggungjawabannya paypal sdh daftar pse kominfo,positif
499,hut ri pse kominfo resah kh agus salim,positif
500,sah uu pdp pse firewall teknologi enkripsi tingkat tahan serang siber terus cepat tangan cegah bijak jejak digital,netral
501,anggota komisi i dpr ri fraksi partai nasdem muhammad farhan uu lindung data pribadi pdp selenggara sistem elektronik pse ikut standar aman siber nasional berita lengkap,netral
502,sah uu pdp perintah awas sanksi pse aman data guna,positif
503,sah uu pdp perintah awas sanksi selenggara sistem elektronik pse,positif
504,pse swasta wajib jaga lindung data pribadi masyarakat sesuai undang undang informasi transaksi elektronik uu ite atur perintah pulang pergi nomor selenggara sistem transaksi elektronik,netral
505,ga fokus ga asumsi kumpul bukti forensik digital operator seluler pse atur segrambyong uu negeri bumn takut facebook beda gugat as,negatif
506,uu ite uu jahat bebas amp bungkam intimidasi korban mahfud mundur menteri uu hapus rkuhp pse system hukum chaos negara ikut jejak afganistan talib,negatif
507,sah ruu pdp perintah menteri kominfo laksana awas tata kelola data pribadi selenggara sistem elektronik pse atur uu pdp,positif
508,ruu lindung data pribadi pdp tuju dpr amp presiden sah ruu pdp perintah kominfo laksana awas tata kelola data pribadi selenggara sistem elektronik pse atur uu pdp,netral
509,sah ruu pdp perintah menteri kominfo laksana awas tata kelola data pribadi selenggara sistem elektronik pse manfaat uu pdp,netral
510,uu lindung data pribadi kominfo awas tata kelola data pribadi pse,netral
511,uu lindung data pribadi kominfo awas tata kelola data pribadi pse,netral
512,uu lindung data pribadi sah kominfo awas tata kelola pse,netral
513,uu pdp menkominfo johnny g plate atur hak hak milik data pribadi atur sanksi pse tata kelola data pribadi proses sistem,netral
514,uu pdp terbit salah wajib pse swasta publik perintah sistem data pribadi masyarakat lindung pse perintah tanggung data bocor tuju rt,netral
515,uu pdp alias undang undang lindung data pribadi udh disahin noh jd kl data pribadi loh muka loh alamat rmh medical record lain disebarin dipublish rilis permisi sm kelen pse publik pny perintah amp pse privat swasta kelen tuntut pidana amp perdata,negatif
516,menkominfo pse swasta wajib jaga lindung data pribadi masyarakat sesuai uu ite pulang pergi nomor selenggara sistem transaksi elektronik,netral
517,ahli nilai atur turun uu lindung data pribadi uu pdp sanksi selenggara sistem elektronik pse lingkup publik perintah,netral
518,menkominfo harap kuat teknologi pse uu pdp sah,positif
519,rancang undang undang lindung data pribadi ruu pdp sah undang undang selasa uu atur hak hak milik data pribadi atur sanksi sanksi selenggara sistem elektronik pse,netral
520,uu pdp siap pse proses data pribadi masyarakat uu pdp tugas jalan pse,netral
521,menkominfo johnny g plate pse swasta wajib jaga lindung data pribadi masyarakat sesuai uu ite pulang pergi nomor selenggara sistem transaksi elektronik,netral
522,ruu pdp uu aman informasi tangan bssn kominfo periksa patuh pse,netral
523,pse swasta wajib jaga lindung data pribadi masyarakat sesuai undang undang informasi transaksi elektronik uu ite atur perintah pulang pergi nomor selenggara sistem transaksi elektronik,netral
524,kena sanksi uu pdp wajib pse lindung data pribadi,netral
525,menkominfo johnny g plate pse swasta wajib jaga lindung data pribadi masyarakat sesuai uu ite atur perintah nomor selenggara sistem transaksi elektronik,netral
526,uu wewenang otoritas pajak platform selenggara sistem elektronik pse marketplace lokapasar mungut potong pajak jual platform prediksi dampak signifikan ekosistem ekonomi digital,netral
527,ruu pdp tetap uu pdp alangkah baik peristiwa retas bjorka jadi momentum pse kelola website bssn benah sistem aman sibernya,negatif
528,jaman vimeo blokir internet cepat pse kualitas aman data naikin muka bahas gera uu lindung data pribadi terbit sempurna but nice move,positif
529,kurang cegah bocor data sisi negara kominfo dpr selesai uu pdp uu pse paksa aman maksimal pratama,netral
530,fokus laku retas juga pertanggungjawaban kominfo hati hati pse kait pasal uu ite prinsip hati hati,negatif
531,uu khusus atur lindung data pribadi tentu tindak curi bocor data pribadi pertanggungjawaban pse kait perintah,negatif
532,udh uu pp dsb lumayan data pribadi warga republik ngamanin data pribadi warga acak kadut merdeka udh ngotot awas pdp dibwh perintah pdhl pse publik rawan bocor heker bjorka ajak rapat via zoom,negatif
533,uu selenggara sistem elektronik pse paksa aman maksimal jaga daulat digital ri,positif
534,juta jiwa planga plongo perintah ga jamin data pribadi warga simpan amp sebar pse publik rumah sakit pamerintah pedulilindungi telkom kemenkes dsb perintah nge push pse privat swasta uu pse laku publik amp privat,negatif
535,heleh kepala suku ko nyalahin satu banyak buang anggar bikin lembaga ramping ajar data bocor guna pse uu lindung data konsumen bocor,negatif
536,atur pse uu pdp sah tegak security anggap nice to have feature ancam pidana kembang sistem lalai,netral
537,dr kmaren perintah melulu ngeluarin statement suka suka rayain ulang pas demo paksa pse dll gilir orang sipil suka suka perintah sadar orang ga ciduk pakai uu ite panik suruh serang oposisi,negatif
538,baca uu no ite pasal andal aman pse baca pres pulang pergi no th mmg regulasi laku hukum abai dasar persepsi salah,negatif
539,kelompok mahasiswa bem jemu gaung dapat rakyat bbm uu cipta kerja pks koar digital pse bocor data aman digital,negatif
540,ga capres metode pse jhonny gk jadi lg janji gakan abuse uu ite menjarain orang ga dapat janji gakan menjarain aktivis ga jamin golong putih fix,negatif
541,berangkat uu lindung data pribadi kemenkominfo bentuk satu kerja auditor aman siber tugas nilai layak pse koleksi kelola pakai informasi sensitif masyarakat rilis publik,negatif
542,pangkal pny uu lindung data pse himpun data rawan disalahgunakan dpr jadi ruu perlind pribadi sbg prioritas,negatif
543,indonesia uu ite isi tega fokus wajib lindung data audit lindung data pse publik privat,netral
544,pdp pse baca atur pse aja tulis kali kali uu ite security fakta atur orang resisten uu ite,negatif
545,jadi kemensos uu pse lalau gertak dengana produk aplikasi kurang kemkominfo kominfo ujung tombak kembang teknologi informasi ekspert bidang it,negatif
546,tugas nya regulator lindung data pegang pse pulang pergi uu pse wajib lindung data simpan,negatif
547,regulasi atur sanksi pse patuh atur uu kumpul lindung data aman cyber tugas tindak pidana cyber tugas,negatif
548,tugas nya regulator lindung data pegang pse pulang pergi uu pse wajib lindung data simpan,negatif
549,kondisi indonesia uu pdp upaya paksa negara pse aman data,netral
550,iya pse kemarin solusi daulat bancak uu lindung data pribadi komisi iii gak selesai,negatif
551,rezim otoriter tiran yng bodoh usaha cegah ide tebar bisa pse uu ite sih biarin chaos ide biar dialektika dripada narasi brainwash nkwe price dead biar cegah kejumutan masyarakat,negatif
552,karya baik kominfo uu ite contoh laksana pse siap bocor data remah remah coba aja tagar korban banyak sewa acara,positif
553,alas ruu pdp ga lolos udh uu skrg udh gampang tuh nuntutnya pse data bocor,negatif
554,kominfo kasih solusi data rakyat indonesia ga open source saking banyak bocor data ngurusin pse bkp aja gilir data bocor rakyat disalahin tunggu uu lindung data pribadi nya iya,negatif
555,waswes wos mbok iya pondasinya dibenerin uu pdp dikerjain masuk klausul aman data pse logika balik boomers kominfo paham ga sih,negatif
556,guna uu ite pse nya lindung data pribadi bocor bocorin uu kontroversial gitu inti gak lindung data privasi gak salah class action,negatif
557,uu ite pse amp rkuhp hapus permanent,negatif
558,ruu pdp sah tabrak dama uu pse wajib akses kominfo lihat chat hapus konten resah,negatif
559,saja wajib daftar pse korelasi pste lindung data pribadi pdp cantum lindung hukum data pribadi uu ite baca kaji lengkap,netral
560,kena uu ite udah takedown duluan pse amp baris buzzerp indonesia,negatif
561,ngelolosin judi online daftar pse langgar uu gak,negatif
562,menkominfo lempar wacana blokir forum uak data curi daftar pse telekomunikasi bin sangkal data bobol uu lindung data pribadi desak sah,negatif
563,menkominfo lempar wacana blokir forum uak data curi daftar pse telekomunikasi bin sangkal data bobol uu lindung data pribadi desak sah,negatif
564,sih jahat serius ehem uu ite kuhp gamblang lindung data pribadi data privacy ruu pdp lindung data pribadi sahkan pakai permenkominfo kemarin teriak pse lha dibiarin,negatif
565,kominfo dikit ngeblokir alas gak daftar pse sah in uu pdp anj uu lindung data pribadi diri independent ga maksa bawah naung lu,negatif
566,website perintah kelas ikan teri bicara uu pse uu ite data langgan gak disecurity wkwkwk,negatif
567,situs ga daftar pse blokir kominfo kasar banget sebenernya sadar biaya proses periksa vonis kena pasal karet uu ite mahal doain cepat sembuh deh,negatif
568,plat merah ga percaya tambah pse uu ite jamin data pribadi aman,negatif
569,pse uu ite kayake gak data bocor bumn ajahh gelap,negatif
570,sisi uu lindung konsumen pse gugat pse perintah atur ngga skripsi baca fresh,negatif
571,coba tanggung lu pse pse lu kemarin bilang jadi gin gak uu nya solusi dr skrng gak suka usik rakyat aja,negatif
572,indihome daftar pse mohon investigasi iya cek tuh logging aktivitas guna detail banget gitu tolong uu pdp selesai biar konsumen nuntut hak,negatif
573,ruu lindung pribadi gimana terap tentang uu pse tentang uu ham,negatif
574,pse langgar pasal uu no hak asasi manusia orang hak komunikasi oleh informasi kembang pribadi lingkung sosial pergi pse bubar kominfo,negatif
575,min lupa usaha kurang angka miskin senjang sosial baik lingkung lepas ubah iklim revisi uu ite hubung pse,negatif
576,atur uu pse daftar indonesia,netral
577,pse rugi hak hak masyarakat tindak patuh undang undang uu,negatif
578,pse rugi hak hak masyarakat tindak patuh undang undang uu daftar,negatif
579,menkominfo daftar pse amanat uu lindung masyarakat wajib tegak hukum indonesia,positif
580,menkominfo daftar pse amanat uu lindung masyarakat wajib tegak hukum indonesia,positif
581,menkominfo daftar pse amanat uu lindung masyarakat wajib tegak hukum indonesia,positif
582,menkominfo daftar pse amanat uu lindung masyarakat wajib tegak hukum indonesia,positif
583,daftar pse sesuai uu jaga aman ruang digital indonesia,positif
584,johnny pse rugi hak hak masyarakat tindak patuh undang undang uu,positif
585,daftar pse sesuai uu trus mana ya,positif
586,pse rugi hak hak masyarakat tindak patuh uu,positif
587,daftar pse akibat pse blokir akibat gagal daftar masyarakat rugi pse rugi hak hak masyarakat tindak patuh uu,negatif
588,pse rugi hak hak masyarakat tindak patuh uu,positif
589,uu amanat segenap amp pse operasi daftar iya lucu marah sm menkominfo,positif
590,daftar pse sesuai amanat uu uu amanat segenap amp pse operasi negeri lokal global daftar,netral
591,amat nilai terap pse gesa gesa uu lindung data guna sah,negatif
592,beres pse psef sebab langgar pulang pergi uu distribusi produk sehat jual produk sehat pabrikan konsumen langsung kapitalis pesta pora gara menkominfo,negatif
593,gugat salah alamat dasar sesuai dg uu payung hukum gugat mesti alamat pse taat atur rugi guna masyarakat,negatif
594,atur wajib terap laksana pse amanat uu cipta kerja,positif
595,pse rugi hak hak masyarakat tindak patuh uu,positif
596,pse rugi hak hak masyarakat tindak patuh uu,positif
597,pse rugi hak hak masyarakat tindak patuh uu,positif
598,pse rugi hak hak masyarakat tindak patuh undang undang uu daftar,positif
599,gagal daftar pse akibat pse blokir akibat gagal daftar masyarakat rugi menkominfo pse rugi hak hak masyarakat tindak patuh uu,netral
600,gagal pse daftar akibat pse blokir akibat gagal daftar masyarakat rugi pse rugi hak hak masyarakat tindak patuh undang undang uu,netral
601,gugat pse tri johnny daftar pse amanat uu lindung warga menteri kominfo daftar selenggara sistem elektronik pse lindung penting masyarakat bangsa,netral
602,gagal daftar pse akibat pse blokir akibat gagal daftar masyarakat rugi menkominfo pse rugi hak hak masyarakat tindak patuh uu,netral
603,terimakasih debt trap china bangun infrastruktur ugal an gak pakai feasibility study gak kepake omnibus law uu minerba korupsi bansos lemah kpk pse upaya batas opini bangkit dwifungsi polri tni komisaris buzzerp rkuhp,negatif
604,guna pse amp rkuhp kmrn pse aparat data guna sensor amp rkuhp tutup mulut kritik uu ite karet gelang terap,negatif
605,uu pse emg beneran realisasi si rem,negatif
606,pse telanjang adab digital era digital media sosial sanksi hukum milik uu ite payung hukum,positif
607,jadi blokir isu kembang liar kendali dukung situs judi proyek pse triliun langkah uu doxingg isu kembang,negatif
608,iya data guna private pasal karet uu ite takut pse jembatan implementasi national dns,negatif
609,did you even read the post blokir an uu ite amp pse jadi politikus sbg senjata tangkap orang dapat proses sidang,negatif
610,gak bicara dns nasional bukti uu ite regulasi pse rugi masyarakat lindung rakyat tegak daulat negara bullshit,negatif
611,bukti undang pasal karet uu ite pse alat bungkam oposisi sdg hadap krisis krisis mana oknum perintah bungkam org oposisi bebas dapat langgar,negatif
612,indonesia uu lindung data pribadi taruh data data disalahgunakan ribet kominfo daftar pse tuntut akses sistem data elektronik pse data gak bocor buzzer,negatif
613,selamat pagi semangat pagi anak bangsa lupa sarap tentang uu pse beraktifitas,negatif
614,bukti pse motif kuasa alir informasi indonesia penting politik tega hukum adil administrasi sesuai pulang pergi uu bicara tegak uu,negatif
615,bentuk uu mewarning blokir pse lupa daftar umum oh umum masyarakat salah pers media sorot,negatif
616,blokir uu nya sdh ribu judi online daftar pse sdh blokir takut yuk cari cuan lg paypal mandek kmrn iya sabar dl let s go,negatif
617,kominfo dengar dapat rakyat niat halang bebas rakyat dasar tegak uu rakyat milik hak bebas akses informasi daftar pse langgar hak tsb,negatif
618,selamat malam selamat istirahat anak bangsa lupa doa kutuk uu pse tidur,negatif
619,mo ga parah steam paypal lain diunblock permenkominfo pse tetep ancam bebas dapat brekspresi bebas pers pnya mekanisme uu pers duduk drpd atur menteri,negatif
620,oke inti pse erti dapat langsung blokir illegal patuh uu ite dll its that simple,negatif
621,again filtrasi uu pdp sah filtrasi konten negatif mekanisme laku isolasi internet indonesia situs text gambar pse,positif
622,uu ite jalan penting oejabat kritik jalan mesti butuh wadah and pse proteksi domisili and sistem filtrasi wadah,negatif
623,nope filtrasi blokir putus adil dasar uu ite putus menteri tri tulis pm kait pse privat dasar salah,negatif
624,okey poin uu batas pse sortir negatif website gak masuk indonesia kelola bilang nih iya pse salah tuju bener filtrasi,negatif
625,bicara tata kelola internet data pribadi atur induk pse ruu pdp bicara konten induk pse uu ite uu pornografi uu pks dsb,netral
626,uu sahkan laku otomatis dasar hukum kuat bgi kominfo slma kominfo sedia layan daftar pse slma usaha paypal mnggubris indah himbauan tsb,positif
627,t inya uu pse kominfo gak pse gak daftar blokir contoh steam blokir pas protes bilang bikin biasa gilir solusi numbalin anak bangsa,negatif
628,emang hindar konten tentang pancasila pakai uu ite uu pornografi uu judi tinggal implementasi aja polri divisi cyber pse divisi aman,negatif
629,thread penasaran atur pse dns whitelist nasional uu permen ite karet masalah bangkit orde,negatif
630,paypal steam buka daftar pse laknat selesai orang nya ga bicara menteri dirjennya aja inget kacung uu itenya rencana dns nasional,negatif
631,epic origin buka pergi uu pse mamggil sobat ok pack,negatif
632,emang gak uu pse permenkominfo,netral
633,daftar pse pahak kominfo paja uu lindung data pribadi data milik individu milik kominfo rakyat atur data,negatif
634,rkuhp atur pse revisi uu ite perfect ekang dapat ati dah,negatif
635,atur rezim hak akses akun pse langgar privasi kedok lindung rakyat jerat uu ite ramai definisi konten hasut nya subyektif penting rezim kritik anggap hasut,negatif
636,atur pse kominfo dasar langgar atur lindung uu,netral
637,uu ite manfaatin orang power alas ambigu jangkau pse jalan bayang gimana digunain condong,negatif
638,bunyi maksud bhw atur pse buka level menteri uu singgung menteri ditjen pajak kemenkeu bunyi cendrung sprt alm gus dur bubar menteri,netral
639,tugas perintah tegak undang undang ri uu amanat segenap pse operasi negeri pse lokal mapun global daftar,positif
640,ttep ga pengaruh mas garang apa ancam atur pse amanat uu masyarakat muda melek ga baris ma emang garang coba turun jalan demo hancur kominfonya cm garang twitter,positif
641,tinggal tunggu cabut permen kominfo bahas ulang uu bela tuh dirjen enak tinggal gk pse menteri beres rugi,negatif
642,payung hukum uu ite iya gak pilih pasal laku pasal terap atur pse uu posisi atur menteri,negatif
643,uu ite cikal lahir pse pse cikal lahir the great firewall dns dipake china tiran internet tumbuh rezim kim kriminalisasi nista agama trhadap minoritas tumbuh rezim kik jokowi besar netizen kaum plural,negatif
644,tolong tega uu pilih jamin aman data sms resah masyarakat berantas judi online daftar pse sehat,negatif
645,atur tutup akses informasi publik atur bentuk undang undang singgung hak asasi uu ite pse daftar blokir,negatif
646,iya bahaya pse indonesia banding pse bentuk penyalahgunaan dr uu ite bungkam kritik,negatif
647,gak berita bagus uu pse revisi pergi,negatif
648,sobat soto babat revisi uu pse panggil sobat,negatif
649,selesai uu lindung data pribadi dpr independensi otoritas lindung data pribadi privasi masyarakat jaga baik teknis aplikasi daftar pse,negatif
650,memenya dg intensi kritik jadi blokir buat regulasi dsb kali produk kemominfo dr uu ite smpe pse masalah oops i government did it again,negatif
651,pulang pergi lampu wenang atur tingkat atur perintah dlm pasal pasal pulang pergi atur sanksi pse daftar pdhl dlm uu ite atur wajib mndftar amp sanksi pmutusan akses pse daftar,negatif
652,iya tulis emg ga nyadap karet nya atur kesana baca tuh ga anti pse ya karet pasal masalah ga tuju iya kali lihat sisi positif mulu uu ite skrg mlenceng fungsi,negatif
653,tl ku bagi pse bahas uu ngamuk apps blokir bahas perintah blokar blokir becus ngelaksanainnya,negatif
654,ngajak diskusi sebentar mas gani ruu pdp bola dpr mas uu pdp sah gak komitmen pse asing taat regulasi domestik iya gmn skandal cambridge analytica data orang indo lakuin lidi kah,negatif
655,orang orang jual beli organ online daftar pse gak langgar uu ite gak pdhl jual beli organ ilegal kominfo pagar pisah informasi buruk,negatif
656,pilih partai politik koalisi masalah kayak golong putih deh uu ite uu cipta kerja ruu kuhp pse,negatif
657,konten dewasa proses hukum siksa hewan viral ga proses hukum uu pse rekap uu artikel kominfo,negatif
658,pse uu ite muncul sebenernya kompak oposisi koalisi diem biar engga cap ngedukung,negatif
659,gk sabar paypal daftar pse atur karet gk salah guna jamin gk aman disalahgunakan uu ite aman data privasi resah publik blok kritik doank bloj,negatif
660,inget judi deh daftar pse tetep langgar uu ite ga toleransi situs judi online operasi daftar pse,netral
661,heh professor boomer baca full uu no iya dosen lihat sistem pse nya pakai service daftar sistem,positif
662,gin loh gin uu niat aman internet langkah pse aman kena dampak buruk pse service service reputasi website website gajelas liar dibiarin,negatif
663,uu pse atur tri doang publikasi forum diskusi grup dg industri guna koordinasi dg regulator industri uang guna jg acu uu deh jaman boro mikir infrastruktur teknologi,negatif
664,regulasi negara meyulitkan rakyat ngegoreng ikan minyak goreng mahal suruh rebus ikan pse ntah manfaat rakyat uu ite,negatif
665,kunci atur menteri kominfo nomor selenggara sistem elektronik pse lingkup privat acu uu ite banget sih emg pse wajib daftar tulis sanksi,positif
666,dah kasih bukti ttd materai cemar nama uu ite pancung kagak sih hasut sjw dolar ite pse mrk makan duit hibah jerman jepang rupa tunggu biar lu,positif
667,ada profesor it universitas nama indonesia sedia dpr mpr bikin nyata tentang uu pse,netral
668,iya beda uu pers regulasi old media user alter ego buat konten kominfo perintah platform daftar pse sensor dox pasal karet iya orba untung kapabilitas nyampe,negatif
669,lha steam udh bayar pajak negara block judi online gak block hujat fungsi pse hubung uu ite,negatif
670,regulator gak hindar frasa resah masyarakat ganggu tertib frasa karet kaya gin bikin tega uu ite sembrono dipake pse ya,negatif
671,argumen tuju pse isi data adminsitratif daulat digital lupa konsekuensi atur atur uu ite,negatif
672,baca uu pse aparat tegak hukum langsung adil minta data ikut hukum internasional adil uu indo adil,negatif
673,pse istilah sjk uu ite sebut platform digital paham atur pse sdh sjk detail dg pulang pergi th baharu dg pulang pergi th permen no th atur teknis operasional,netral
674,tingkat trust nyaman daftar pse aplikasi dihack nerror orang you want us to trust you but you act otherwise nyuruh percaya ghoib aku kuat ghoib tuntut pakai uu,negatif
675,maksud geledah isi cakap privat daulat negara pse privasi langgar uu,negatif
676,uu pse sdh uu nomor ya erti bela segi,negatif
677,lemah perintah uu pse sdh usaha bangun infrastruktur ganti bikin bantu finansial sosialisasi eh main blokir aja iya ngamuk bikin atur main blokir bikin ganti,negatif
678,ide pse tu uu ite susup atur karet ga fokus tuju ga libat publik rasa ga trial error langsung gas enak,negatif
679,pse aparat hukum cek data rakyat indikasi individu trsbt langgar uu anggap pasal karet takutny disalahgunakan wenang platform aplikasi ga daftar pse,negatif
680,asbabun nuzul pse bgtu aplikasi hadir konten radikal suruh daftar pse contoh paypal aplikasi judi online approve iya langgar uu sbutkan,negatif
681,uu sehat jiwa wni atur turun uu mncikalbakali lahir pse cepat banget eksekusi uu cepat eksekusi mmbuktikan gampang sengawur,negatif
682,atur sebenernya diseriusin pakai uu pse ramai rekam jejak audit ngelacak laku wajib aman platform,positif
683,itu ragu pse indonesia data akses tarik pakai kecuali paksa ya peduli lindung aman lagipula uu pdp sah indonesia kominfo desak uu,negatif
684,perintah regulator sedia atur uu ite pulang pergi pste baru pm kominfo pse lingkup privat direktur jenderal aplikasi informatika semuel abrijani pangerapan,netral
685,salah bijak uu nya eksekusi pse diminimalisir resiko sedia alternatif tega atur,negatif
686,aneh banget revisi uu bioekivalen ga kelar kelar uu pse dadak muncul wowkwokwowkwowkowkwokw,negatif
687,presiden b j habibie uu no pers hilang siupp surat izin usaha terbit pers pse siupp iya,positif
688,inti panjang tangan uu karet ite perintah data user pse anggap perintah resah masyarakat ganggu tertib kaya china gitu deh kritik bijak perintah china internet langsung disamperin rumah,negatif
689,web web judi ala ala dibiarin aje uda daftar pse uu ite larang kocak,negatif
690,uu nya pikir nyuruh tanggung perintah mana uu amanat pse jamin aman andal sistem mrk negara sbg awas dasar lindung publik uu,positif
691,yaelah uu ite gk sosoan bikin pse ealah,negatif
692,tuju ga negra kta maju brrti privasi kta intip pse publik private publik sya dukung private sadar gak apa privasi unsur lawan hukum uu ite meme foto pribadi chat akrab dll,netral
693,pse judi daftar ga blokir langgar uu biar negara wajib atur batas,negatif
694,putar kalimat inti perintah gak langsung blokir data guna uu pse data guna antara aparat hukum tri iya undang lindung,negatif
695,bikin uu dpr pse acu permenkominfo uu,netral
696,pse pmse keluar kominfo lembaga menteri kait salah wadah satgas amanah uu mas bro,positif
697,ah beneerrrrr situs judi oneline daftar pse uu judi boleh dirjen apliaksi samuel gagap bedain game online judi online wawancara kompas,negatif
698,brarti paypal daftar pse buzzer pda immune uu ite teror dalem no hp email harass cc sih usaha tiran negara anti kritik,negatif
699,perintah sby ambil posisi moderat dlm tafsir uu ite pse wajib daftar sisa bebas perintah jokowi ambil posisi ekstrem wajib daftar menkominfonya ambil posisi ekstrem dr sekian sanksi ga daftar blokir,negatif
700,tindak blokir situs langgar ham sesuai uu no salah cakup ham hak oleh informasi akses informasi blokir sedia platform daftar pse langgar ham,negatif
701,tindak blokir situs daftar pse langgar hak asasi manusia ham otomatis tentang uu no ham a thread,negatif
702,uu pse oh data safenet pertangah indonesia alami bangkit otoritarisme digital iya emang lindung data pribadi lemah polis nyerah mennsgsni lapor rmasyarakat,positif
703,bunyi pse lingkup privat wajib akses sistem elektronik data elektronik tri dlm rangka awas sesuai uu pasal pakai perintah data guna dalih awas,negatif
704,negara mesti paham hak asasi manusia atur uud negara mesti paham langkah uu permen gak sok pasal oprek data belakang pse,negatif
705,henri negara ga aktif uu negara peran aktif lindung dat contoh atur standar minimal lindung data pse privat amp rutin cek sesuai standar analogi barang wajib sni,positif
706,ga negara atur internet henri uu kuhp ruu kuhp negara bebas pse privat hapus konten anggap kritik perintah lese majeste perintah butuh kritik layan rakyat,negatif
707,dsa penting aman konsumen amp jaga privasi user penting negara amp usaha otak atik user uu pse tegas tntng privasi user pasal kalimat ambigu amp penting kominfo user,negatif
708,akibat gak respon popular pse diblock kominfo yahoo steam paypal acu pulang pergi no sistem transaksi elektronik didasrkan uu ite picu marah masyarakat naik tagar,negatif
709,bunyi uu laku negara pse analogi dg akun email milik platform pakai jaga aman negara tugas tegak uu proses laku jahat siber,positif
710,uu pse nya masalah pling bnyak sorot muat uu bnyak brtntangan provacy policy platform coba cek remotivi safenet twitter youtube gmna problematisnya uu pse,negatif
711,now watching konten blokir usaha payment gateway paypal tutup gara pse klw bicara amanat uu uu rakyat susah uu dipake lindung warga,negatif
712,mrk sdh daftar perintah akses data pribadi guna pse platform larang uu teknis khawatir data pribadi asai perintah alas ada orang paham,positif
713,tanggung aman data pribadi guna selenggara sistem elektronik pse sesuai psl uu ite aman data wajib perintah tanggung dr ribu pse wajib perintah blokir konten langgar uu,netral
714,perintah posesif data privat warga paksa sedia layan internet daftar pse perintah jamin aman data privat warga sah uu pdp trus pie,negatif
715,uu perintah sanksi usaha pse atur aman hacker no salah indonesia security indonesia antisipasi,positif
716,perihal pse aman password nama nik no telp bocor aman wadah lapor langgar karyawan thr bayar lapor perintah uu tenaga kerja,positif
717,uu kebiri si laku gak jahat pse paypall bangkrut perintah indonesia kena sanksi usaha dasar uu indonesia,positif
718,mohon izin prof sadap atur uu ite atur pulang pergi dasar putus mk puu viii atur uu uu ite atur wajib pse ga atur sanksi pse permen atur batas hak guna jg,netral
719,mantan jadi perkosa anak jahat hukum penjara uu kebiri bayang uang paypall cair bangkrut tuntut pse,positif
720,pulang pergi nya konten langgar uu aplikasi larang persis pse siupp jaman orba,negatif
721,lembaga hukum kelas lbh sebut tindak blokir otoritarianisme kominfo tindak dasar amanat uu no atur turun permen no tengat pse,positif
722,uu pse dipajakin ga dg paypal steam dr s skrg tetep dipajakin,negatif
723,daulat bullshit infrastruktur it dipake kominfo ga daftar pse platform judi online langgar uu ite akan pandang gim sama bela jajah pahlawan siang,negatif
724,lupa sahkan ruupdp iya abang ketidakpercayaan msy sistem pse alas pr privacy keman data bebas bicara sektor digital sama dg uu ite,netral
725,pokok masalah biar g muter antum uu pdp gk g indon sd masuk protokol dalam lantas pse diahulukan data pribadi harga gk main abang orang waras bule pse ngotot bundir negara nama,negatif
726,uu us buka data laku perintah adil kelola mending paham kbbi arti kelola kendali atur global dgk pse buka gugat hukum internasional negara dn indon masuk g,negatif
727,tunduk uu ite ie milik data sbg privasi data tuju pse membca data pse kelola data regulator kendali data curi data kominfo legal consent milik data hany dasar pulang pergi,negatif
728,uu pdp gak laku regulasi gdpr abang platform perdata kuhper ikat walapun gdpr khusus perlindngan data orang syarat consent laku perdata pse gk consent milik data tolol,negatif
729,indonesia uu lex spesialis lindung data pribadi gdpr eropa perintah aman environment digital indonesia pse asing,positif
730,terima kasih explanationnya kak izin kutip statement kakak sesuai tsb uu tsb huruf e pse privat buka peluang perintah data rahasia user iya ka langgar ham atur pasal g ayat uud nri,negatif
731,gak efek uu pasal karet bolehin perintah malsa buka data platform daftar pse take down posting resah masyarakat platform,negatif
732,pse registered equals no privacy for users diem bae gapernah sign up data ina inu anu korban identity theft doxing uu ite doang lambe kenceng lindung data konsumen ngarti,negatif
733,perintah ga hak buka privasi pse isi email chat dll isi komputer platform tuju t amp c contoh epic games geledah isi hp polisi bijak lawan uu,negatif
734,gak erti cyber security risk campur aduk cyber risk daftar pse memang tuh us uu nya bilang perintah ambil data konsumen resah masyarakat,negatif
735,benernya uu cuman tanya sbenernya cybersecuritynya lagipula why ppl so pressed abt it lembaga audit it bicara pse aman iya orang audit it,negatif
736,atur pse syarat daftar milik basis data indo platform bas eu milik regulasi gdpr tentang regulasi gak uu pdp indon gak nyata isu bohong tentang atur percaya idiot,negatif
737,mmebela pse uu pdp sd aneh dasar orang aneh dasar pse cuman pulang pergi memberika dampak hukum kecuali izin,negatif
738,uu ite beda interpretasi ahli hukum vs tegak hukum perintah ga revisi iya turun jr laku pse ga legal standing legal standing menang nyata inkonstitusional tetep laku,negatif
739,deh nemu sumber kayak katadata trus nemu the irony judi onlen langgar uu ite daftar pse gapapa,negatif
740,iya atur indonesia langgar privacy policy steam atur atur pse langgar uu ite rip privasi welcome communist,negatif
741,data leaked ulah hacker negeri itu alas hadir pse payung uu ite hukum tegak kalau operasi indonesia at least patuh atur indonesia thats it,positif
742,pse produk turun uu omnibuslaw kemarin mulia presiden jokowi gak sangkut paut nya bangun wooi,negatif
743,beli game disteam kena pajak transaksi gk untung apa judi online langgar pasal ayat uu ite jo pasal ayat uu acc pse berlawana uu no ite pasal ayat,negatif
744,jaman kuliah uu pdp maju ga kali revisi gak signifikan ga godok duluan uu pse tubruk gdpr akses gamasalah bikin atur lokal lihat,negatif
745,mbak nya baca full bijak pse pasal karet sm uu ite lbh aju link adu cacat hukum dapat fakta mbak paham mbak paham track record ga situ hhh bodoh heran,negatif
746,cipta uu ite proyek pse nila t mrk bikin ngirim surat juta situs internet app kerja berat lho abdi daulat negara pandang tukin,positif
747,oiya ding sih informasi orang dalem kominfo uu pse ngelindungin data bla bla bla macemlah,negatif
748,pasal karet pse rawan salahgunakan uu pse kominfo akses data pribadi user izin user tsb paypal steam dlm transaksi ikutin pajak dsb based on tech g prlu kantor mrka matengin uu nya,negatif
749,biarin bahaya sihh perintah bikin tameng uu ite pse gak rakyat ganggu gak bikin tameng,negatif
750,wkwkwk hashtag muncul pas muncul protes ruu kuhp amp revisi uu kpk acung yuk aktivis amp giat sosmed sosmed wa nya ancam atur pse deh terbit leluasa,negatif
751,uu ite kominfo pse ranah privat kominfo paham pola,positif
752,sih ngetrack kriminal iya ngelakuin ngomong-ngomong uu dasar atur pse pasal tindak user resah alat ngancem kritik pemrenta paling fungsi lbh dipake,negatif
753,jadi pse uu ite karet pedas permenkominfo isi makna makna karet ancam ruang hak asasi manusia benah masyarakat awam,negatif
754,ohhh iya sadar sah uu pse kakak nya tahun sah uu cilaka kontol,negatif
755,coba baca uu no ite uu no ite pasal ayt uu no atur laksana pulang pergi no pasal pste pm kmoinfo no pse lingkup privat coba regulasi baca pelan pelan,netral
756,plot twist atur kemenkominfo pse turun you guess it uu cilaka gugur nyata inkonstitusional mahkamah konstitusi ring a bell,negatif
757,kominfo awas konten radikalisme pornografi sara uu it ngaco berantas radikalisme kini sasar platform media sosial krn alas daftar pse kerja kominfo teroris kerja bnpt urus cuman paypal,negatif
758,kominfo atur guys bayar yah epic games steam paypal lain blockir hah bayar pajak duit atur kominfo baca ditunjukkin pse uu blockir bahasa indonesia,negatif
759,iya g atur pse iya ginian atur kayak iya aman aja cmn laksana uu,negatif
760,lucu terap permen tentang uu ite salah payung tindak ilegal judi online larang pse terap lolos approval,negatif
761,kocak situs judi uu ngelarang judi daftar pse dibolehin aaowkaok kocak,negatif
762,syarat atur ketat serta tetap adil dasar wenang sah mohon akses pse tentu beri akses pm kominfo tentu laksana uu no,netral
763,aplikasi judi dilolosin pse aplikasi gak langgar kriminalitas langsung main blok uu langkah hak asasi pasal uud rakyat hak cari hidup main blokir paypal steam dll pakai industri lokal,negatif
764,isi uu nya langgar privasi user inti emang uu pse problematik,negatif
765,atur iya atur klu daftar pse kontribusi iya langgar atur tentu uu laku patuh trhadap atur uu,positif
766,kominfo atur emg ga salah iya uu no gt inti situ udh dijelasin atur pse milik asing domestik wajib ngelapor istilahnyaaa tuju inti stabil include aman jenis gitu,positif
767,sarkas beneran sih beneran asli tolol sih user beli emoney dr game kena ppn blm tim esports dr indo lbh kenal indonesia tu gmn kontribusi gmn lg uu pse g blokir blokir btw data privasi j akses mudah,negatif
768,ngedukung patuh uu judi online lolos pse ngelucu pse penting warga penting kelompok steam gak bolong bayar tax indo tetep kena blok uud hak privasi nya hukum cacat dipake boomers bodoh gin hasilny,negatif
769,utama pandu kasih kominfo daftar pse pandu versi oss oss gak up to date sistem oss rba uu ciptaker jujur teman udh urus izin bingung liat apalg asing,negatif
770,judi daftar pse legal alias hak uu waw ygy,negatif
771,positive thinking atur bolehin kominfo seenaknua buka data pribadi uu lindung data kayak gdpr ati pakai platform daftar pse monitor coba baca polemik,negatif
772,perintah bikin ruang digital nyaman dukung akses privasi ijin potensi pse eksekusi uu ite produk kominfo sih iya jawab masyarakat gak percaya,negatif
773,bayar pertengahn juli emang uu kemenkeu tengah juli alas utama steam blok ga daftar pse keminpo bkan taat pajak,netral
774,kampanye tanyain sikap uu ite pse berani ga janji bebas dapat dprd iya win pilih ga sikap pilih partai gurem ga ambil sikap si incumbent,negatif
775,dasar situ a ruu lindung data privasi bahas komprehensif sah b pse kominfo timbul penyalahgunaan kuasa pasal karet uu ite wajar masyarakat curiga,netral
776,pasang dns level block iya alesan protes gak gelisah pse gak basis hukum kuat uu lampir hak mutus akses situs ganggu tertib ngeluh protes,negatif
777,batas kritik hina tipis banget subjektif atur kominfo pse gabung uu ite hap jabat kritik hina tinggal lapor trus perintah hak data akun anonim kritik,negatif
778,titik berat tuh sih gak tuju perihal blokir blokir daftar pse tunduk atur gak suka kuasa langsung kena uu ite rip privasi rip bebas ekspres tiran,negatif
779,hapus uu pse rasa pasal karet,negatif
780,kominfo lembaga tri bawah perintah presiden tindak blokir tinjau perhati aspek uu pse rasa arogan karet tinjau ulang judicial review,netral
781,bocor data fatal bpjs data juta warga negara indonesia jual raid forums tahun lindung data hak konsumen ga nama daftar pse ancam blokir bikin uu regulasi bener,negatif
782,pse tuh sebenernya atur anti kritik panjang uu ite bungkus retorika daulat khas boomer urus dunia digital kaya ngurusin tanah eh tanah gak beres kemarin gak publik figur kena,negatif
783,vpn lain solusi jangka pendek uu ngatur pse hapus solusi jangka takut uu pse tetep perintah wenang blokir website,negatif
784,daulat digital nurut uu jalan kominfo mk pse mana daftar sesuai regulasi orang nginap kampung lapor rt rw mrk sdh cari rezeki tahun daftar pajak pajak transaksi dr warga negara luar wajib pse,positif
785,daftar pse salah uu tentu kaya tutup mata gamau revisi,negatif
786,make sense sih pemerrintah platform digital buatngikutin atur laku negara tuju dr pse kominfo masuk akal cuman atur pse gk beda uu ite pasal karet dalam ujung nya hukum runcing,negatif
787,beneran dah sebenernya pas uu pse uang transparansi pas buat publikasi emang orang abai ya concern uu uji mk dibatalin iya resah,netral
788,heran wni ngak dorong pse nya daftar maki kominfo jalan uu lindung warga negara iya,positif
789,isu pse publik ajak paham tata kelola platform anjak isu isu kait privasi lindung data pribadi revisi uu ite dll,positif
790,tri bijak ambil putus situs judi akses vpn judi larang uu agama platfom game sarana hibur blokir gara ga daftar pse,negatif
791,gabisa akses om iya gak habis pikir iya uu pse,negatif
792,buruk sangka jabat jalan uu negara jajah usaha usaha asing blokir ngotot jumawa ngak daftar pse,positif
793,main slot bang blokir daftar uu pse karet,negatif
794,pse tuju sih dasar uu permen kepmen,netral
795,cegah tipu wkwkwk tipu atur pse jalan ujung ujung kayak uu ite,negatif
796,lord indo emg uang konstitusi nyatain privasi rakyat kea kite ntu ngape uu pse mas disahin da,negatif
797,koalisi serius revisi uu ite pse sebab mati kreativitas,negatif
798,jurnalistik yaa ite media digital elektronik beda iya media digital masuk uu ite pse uu ite beda sadap cakap pesan singkat sidi,negatif
799,perintah beres uu batas usia guna sosial media banding pse pse an kontol,negatif
800,engga diblockir twitter udh daftar pse gk bebas udh daftar pse ngikutin undang indo tuh kemarin bahas uu indo gk cocok apk twitter kawan,netral
801,uu ber ubah ubah juli kominfo konsisten nge daftar pse,negatif
802,pola layan rakyat kerja gk becus korup tegur eh ngancam rkhup uu ite buzzerp pse endingnya periode,negatif
803,atur daftar pse barang pulang pergi no selenggara sistem transaksi elektronik turun uu ite wajib daftar pse kominfo atur usia dasawarsa,netral
804,bayang jajah belanda amp jepang mana ham indonesia hancur beranta hak warga indonesia bungkam amp intimidasi negara pikir pahit ulang era sah rkuhp pse amp uu ite,negatif
805,bahas regulasi teknologi ngobrol aneka regulasi putar bidang teknologi informasi pse kominfo uu ite lain dampak laku industri masyarakat,netral
806,perkara register gratis pasal karet atur pse gk dr konyol uu ite sharing data usaha komitmen penuh jaga emg wkwk land yakin maintenance data lbih hebat dr google ktp bocor,negatif
807,kemenkominfo blokir google wa ig dll alas daftar pse mending blokir akun buzzer unfaedah pecah belah nkri langgar uu ite,negatif
808,platform global antri daftar jg kapitalis digital abai pasar guna internet indonesia sdh lbh juta netizen daulat digital tegak sesuai uu blokir pse etikad daftar,positif
809,li atur udh pdhl sorot publik dekat tenggat daftar pse lingkup privat besok btw mas sharing update bijak kait amp jasa bantu korban pasal karet uu ite,netral
810,bang kait uu ite karet iya pse baca gak suka seleweng uu ite tuju bang langgar sanksi kaca real life karet standar patuh gak patuh gajelas,negatif
811,tolak uu ite ujar benci perintah ken pse daftar kecuali kebanyakankan orang sanksi patuh turut wajar perintah sanksi caci,positif
812,breach bijak privasi daftar pse privat asing merta patut wenang blokir dr internet sehat wenang ajaib ga uu uu ite amd,negatif
813,ga adil daftar pse privat mayoritas data komunikasi ga public facing tunduk regulasi data sistem ga ngotak web pse kominfo mana public facing data jibun ga ikat atur uu pdp sah,negatif
814,aparat data gitu surat tugas gak surat tugas kudu pse gak ngasih ayat nya dijelasin aparat menyalahgunakan yah kena uu ite emang sih bicara gampang praktek susah alur gitu,negatif
815,takut uu bijak lindung data rugi privasi guna app nya realisasi tawar tawar metadata tsb pse awas kawal,negatif
816,nemu informasi pse moga versi dr uu ite,netral
817,google amp meta kawan daftar pse kominfo uu syarat data wajib indonesia butuh negara asal ga mudah data polisi perintah sebentar mesti pakai vpn,netral
818,uu pse apakabar deadline tanggal juli twitter daftar ikut blokir,negatif
819,registrasi pse sesuai atur uu,netral
820,uu pse lindung data rakyat si lindung kemarin data data pemerinth bocor kali kali kemane,negatif
821,gila demokrasi mati arah siap milu rkuhp bikin pasal lese majeste batas hak suara dunia maya uu pse blokir app anggap bikin onar kenal ganggu perintah,negatif
822,indonesia gak meleng dikit kemarin ramai rkuhp eh deh uu kia sejahtera anak viral uu pse selenggara sistem eletronik ruu bosok gin,netral
823,sesuai amanat uu ite kominfo milik wenang jatuh sanksi administratif sanksi uu platform pse kandung muat negatif,netral
824,sesuai amanat uu ite kominfo milik wenang jatuh sanksi administratif sanksi uu platform pse kandung muat negatif,netral
825,awas sistem elektronik pse selenggara transaksi elektronik pse wajib tunduk tentu uu ite turunanya,netral
826,kominfo awas sistem elektronik pse selenggara transaksi elektronik pse wajib tunduk tentu uu ite turunanya,netral
827,sesuai amanat uu ite kominfo milik wenang jatuh sanksi administratif sanksi uu platform pse kandung muat negatif,netral
828,sesuai amanat uu ite kominfo milik wenang jatuh sanksi sanksi uu platform pse kandung muat negatif dedy madi,netral
829,jenis sanksi administratif uu jenis tegur tulis denda administratif henti henti layan putus akses blokir keluar dr dftr pse,netral
830,juru bicara menteri kominfo jenis sangsi uu jenis tegur denda administratif henti layan putus akses keluar daftar selenggara sistem elektronik pse,netral
831,baca uu ite pasal tanggung aman kehandalan selenggara sistem elektronik peduli lindung iya telkom sdh tata daftar pse linkup publik sebentar undang daftar dul blm,netral
832,lucu segi atur sanksi pse kena data breach peaturan tingkat aman data minim uu no usaha terap atur uu kayak kena data breach playing victim,negatif
833,selesai pse publik permen permen tatacara daftar pp pulang pergi sdh selesai atur hukum lambat mmg uu lambat,positif
834,he he he mmg dlm pse blokir daftar take down konten langgar uu pasal ayat b uu ite administrasi daftar pse pakai atur orang transisi,positif
835,selenggara sistem elektronik selenggara sistem elektronik andal aman tanggung operasi sistem elektronik mesti pasal uu ite nomor pse bpjs bpjs pse pedulilindungi kominfo,netral
836,pendek tau selenggara sistem elektronik pse mmg bebas dr tanggung penyalahgunaan o ato guna psl uu ite lepas tg bukti jk bocor data mk pedulilindungi bukti salah,netral
837,indonesia hubung sehat telaah aman pse bpjs sehat depan dorong bahas rancang uu lindung data pribadi jamin aman masyarakat indonesia,positif
838,indonesia selenggara sistem elektronik pse ribu milik swasta perintah mrk msg jamin sistem andal aman fungsi sbgmn mesti prinsip norma uu ite,positif
839,dasar uu ite serta ubah wajib badan usaha selenggara sistem elektronik pse bentuk pt perhati diri pse,netral
840,kak gramatikal ga konsep nya uu ite cakup luas eropa laku search engine sj uu ite mengakomodir selenggara sistem elektronik pse baca pasal ayat a uu ite,positif
841,bocor data dasar psl uu ite tanggung selenggara sistem elektronik pse bocor toped iya toped tanggung kominfo regulator sdg ngawasi bocor serang hacker mnurut pres bssn kominfo,netral
842,bocor data tokped kemarin tanggung iya selenggara sistem elektronik pse nya coba deh baca uu ite pasal,netral
843,bocor data dasar psl uu ite tanggung selenggara sistem elektronik pse bocor toped iya toped tanggung kominfo regulator sdg ngawasi bocor serang hacker nurut pres bssn kominfo,netral
844,menkominfo atur teknis sbg implementasi uu no ubah uu no informasi amp transaksi elektronik atur lbh detil tata kelola pse lingkup privat,netral
845,undang uu selenggara sistem transmisi elektronik selenggara sistem elektronik pse tanggung data elektronik informasi transmisi,netral
846,undang uu selenggara sistem transmisi elektronik selenggara sistem elektronik pse tanggung data elektronik informasi transmisi,netral
847,ramai data facebook bocor pse dadak paksa paham terap uu ite kip kemarin mana sosialisasi paksa implementasi sembari ancam,negatif
848,selamat pagi usaha pse lain atur ketenagakerjaannya ikut uu laku indonesia ya,netral
